{"modules":[{"id":"80d53f37-f69a-4726-a8e5-939fc6d59c2d","type":"SetQueue","branches":[{"condition":"Success","transition":"ab4f6f1d-6a40-46bf-a321-a73b9056544d"},{"condition":"Error","transition":"7535999b-bd7d-4efe-aada-688ecc9a8e37"}],"parameters":[{"name":"Queue","value":"arn:aws:connect:us-east-1:611258389397:instance/930e886f-d873-413e-a2ae-c6cadac49ee0/queue/3ef200b3-2036-40e4-bfd3-65dc36a08ebb","namespace":null,"resourceName":"BasicQueue"}],"metadata":{"position":{"x":318,"y":443},"useDynamic":false,"queue":{"id":"arn:aws:connect:us-east-1:611258389397:instance/930e886f-d873-413e-a2ae-c6cadac49ee0/queue/3ef200b3-2036-40e4-bfd3-65dc36a08ebb","text":"BasicQueue"}}},{"id":"ab4f6f1d-6a40-46bf-a321-a73b9056544d","type":"SetEventHook","branches":[{"condition":"Success","transition":"969fee59-08d3-4c30-a073-d6dad8028cf8"},{"condition":"Error","transition":"7535999b-bd7d-4efe-aada-688ecc9a8e37"}],"parameters":[{"name":"Type","value":"CustomerQueue"},{"name":"ContactFlowId","value":"arn:aws:connect:us-east-1:611258389397:instance/930e886f-d873-413e-a2ae-c6cadac49ee0/contact-flow/8182fd03-5b67-49cc-8147-85097f45bb15","resourceName":"Default customer queue"}],"metadata":{"position":{"x":605,"y":495},"contactFlow":{"id":"arn:aws:connect:us-east-1:611258389397:instance/930e886f-d873-413e-a2ae-c6cadac49ee0/contact-flow/8182fd03-5b67-49cc-8147-85097f45bb15","text":"Default customer queue"},"customerOrAgent":false,"useDynamic":false}},{"id":"969fee59-08d3-4c30-a073-d6dad8028cf8","type":"Transfer","branches":[{"condition":"AtCapacity","transition":"7535999b-bd7d-4efe-aada-688ecc9a8e37"},{"condition":"Error","transition":"7535999b-bd7d-4efe-aada-688ecc9a8e37"}],"parameters":[],"metadata":{"position":{"x":862,"y":546},"useDynamic":false,"queue":null},"target":"Queue"},{"id":"b270d197-2183-4aee-abf5-f5fc323e8a9b","type":"PlayPrompt","branches":[{"condition":"Success","transition":"80d53f37-f69a-4726-a8e5-939fc6d59c2d"}],"parameters":[{"name":"Text","value":"Great! We will transfer you to an agent to chat.","namespace":null},{"name":"TextToSpeechType","value":"text"}],"metadata":{"position":{"x":48,"y":393},"useDynamic":false}},{"id":"52580d12-a281-4a32-b41a-0693f4798683","type":"SetLoggingBehavior","branches":[{"condition":"Success","transition":"64b5d89a-a1b6-4df5-b75c-b597cdf13b13"}],"parameters":[{"name":"LoggingBehavior","value":"Enable"}],"metadata":{"position":{"x":158,"y":178}}},{"id":"64b5d89a-a1b6-4df5-b75c-b597cdf13b13","type":"GetUserInput","branches":[{"condition":"Evaluate","conditionType":"Equals","conditionValue":"Video","transition":"2f2aa4e7-0b2c-4cb3-9bf7-3b888b6b689a"},{"condition":"Evaluate","conditionType":"Equals","conditionValue":"Chat","transition":"b270d197-2183-4aee-abf5-f5fc323e8a9b"},{"condition":"NoMatch","transition":"b270d197-2183-4aee-abf5-f5fc323e8a9b"},{"condition":"Error","transition":"487aace6-4ffe-4a1d-8b1d-3d14ce447931"}],"parameters":[{"name":"Text","value":"Would you like to do a video call or text chat? Type 'chat' or 'video'.","namespace":null},{"name":"TextToSpeechType","value":"text"},{"name":"BotName","value":"StartVideoCall"},{"name":"BotAlias","value":"$LATEST"},{"name":"BotRegion","value":"us-east-1"}],"metadata":{"position":{"x":393,"y":47},"conditionMetadata":[{"id":"beb09d4c-b13b-4899-a101-18e7cef1e779","value":"Video"},{"id":"8fc13720-a047-48c4-bd99-8648cdd3d126","value":"Chat"}],"useDynamic":false,"dynamicMetadata":{}},"target":"Lex"},{"id":"2f2aa4e7-0b2c-4cb3-9bf7-3b888b6b689a","type":"PlayPrompt","branches":[{"condition":"Success","transition":"a3fed5f3-a5fb-4eec-8534-2cf40982bde4"}],"parameters":[{"name":"Text","value":"Great! We will transfer you to an agent to do video.","namespace":null},{"name":"TextToSpeechType","value":"text"}],"metadata":{"position":{"x":646,"y":51},"useDynamic":false}},{"id":"a3fed5f3-a5fb-4eec-8534-2cf40982bde4","type":"SetQueue","branches":[{"condition":"Success","transition":"34d8adda-f9fc-4df9-98a5-9721d352ecc0"},{"condition":"Error","transition":"78596bf3-a6bc-4efc-9741-44104789fb3e"}],"parameters":[{"name":"Queue","value":"arn:aws:connect:us-east-1:611258389397:instance/930e886f-d873-413e-a2ae-c6cadac49ee0/queue/3ef200b3-2036-40e4-bfd3-65dc36a08ebb","namespace":null,"resourceName":"BasicQueue"}],"metadata":{"position":{"x":887,"y":57},"useDynamic":false,"queue":{"id":"arn:aws:connect:us-east-1:611258389397:instance/930e886f-d873-413e-a2ae-c6cadac49ee0/queue/3ef200b3-2036-40e4-bfd3-65dc36a08ebb","text":"BasicQueue"}}},{"id":"e5400ca1-9b31-4ec4-8e08-c5e14bd86ee1","type":"Transfer","branches":[{"condition":"AtCapacity","transition":"78596bf3-a6bc-4efc-9741-44104789fb3e"},{"condition":"Error","transition":"78596bf3-a6bc-4efc-9741-44104789fb3e"}],"parameters":[],"metadata":{"position":{"x":1440,"y":64},"useDynamic":false,"queue":null},"target":"Queue"},{"id":"34d8adda-f9fc-4df9-98a5-9721d352ecc0","type":"SetEventHook","branches":[{"condition":"Success","transition":"e5400ca1-9b31-4ec4-8e08-c5e14bd86ee1"},{"condition":"Error","transition":"78596bf3-a6bc-4efc-9741-44104789fb3e"}],"parameters":[{"name":"Type","value":"CustomerQueue"},{"name":"ContactFlowId","value":"arn:aws:connect:us-east-1:611258389397:instance/930e886f-d873-413e-a2ae-c6cadac49ee0/contact-flow/8182fd03-5b67-49cc-8147-85097f45bb15","resourceName":"Default customer queue"}],"metadata":{"position":{"x":1180,"y":65},"contactFlow":{"id":"arn:aws:connect:us-east-1:611258389397:instance/930e886f-d873-413e-a2ae-c6cadac49ee0/contact-flow/8182fd03-5b67-49cc-8147-85097f45bb15","text":"Default customer queue"},"customerOrAgent":false,"useDynamic":false}},{"id":"7535999b-bd7d-4efe-aada-688ecc9a8e37","type":"PlayPrompt","branches":[{"condition":"Success","transition":"4b1c4159-1f57-4570-b96f-363f4a8132d4"}],"parameters":[{"name":"Text","value":"There was an error transferring you to an agent.","namespace":null},{"name":"TextToSpeechType","value":"text"}],"metadata":{"position":{"x":1314,"y":657},"useDynamic":false}},{"id":"487aace6-4ffe-4a1d-8b1d-3d14ce447931","type":"PlayPrompt","branches":[{"condition":"Success","transition":"4b1c4159-1f57-4570-b96f-363f4a8132d4"}],"parameters":[{"name":"Text","value":"There is error getting your response","namespace":null},{"name":"TextToSpeechType","value":"text"}],"metadata":{"position":{"x":615,"y":318},"useDynamic":false}},{"id":"78596bf3-a6bc-4efc-9741-44104789fb3e","type":"PlayPrompt","branches":[{"condition":"Success","transition":"4b1c4159-1f57-4570-b96f-363f4a8132d4"}],"parameters":[{"name":"Text","value":"There was an error transferring you to an agent.","namespace":null},{"name":"TextToSpeechType","value":"text"}],"metadata":{"position":{"x":1678,"y":259},"useDynamic":false}},{"id":"4b1c4159-1f57-4570-b96f-363f4a8132d4","type":"Disconnect","branches":[],"parameters":[],"metadata":{"position":{"x":1923,"y":496}}}],"version":"1","type":"contactFlow","start":"52580d12-a281-4a32-b41a-0693f4798683","metadata":{"entryPointPosition":{"x":20,"y":20},"snapToGrid":false,"name":"Chime Connect Integration flow","description":null,"type":"contactFlow","status":"published","hash":"8ec9aebf53450c29560353691459b98daa4b72f6057a458a44d3baa442f945eb"}}